prix,descriptin
5 500 000 DH,Maison et villa en Vente à Temara
850 000 DH,appart 4pieces en face atacadaou ain sebaa
300 000 DH,Lot de Terrain R3 R4 R5 en Vente à Had Soualem
Prix non specifié,Terrain 1430m Proche Amoud
6 000 000 DH,Hictar titré sur entre de had Sawalm Réf Pwf7b
2 200 000 DH,Appartement en Vente à Rabat
395 000 DH,Appartement 2ch 3 ème près de stade
731 000 DH,Luxueux village à la palmeraie
655 000 DH,bel appart 84m² face makro ain sebaa à Casablanca
Prix non specifié,Magasin en Vente à Maarif Casablanca
1 000 000 DH,lot terrain villa 390m jumeleé 3 facade marrakech
980 000 DH,Bureau et plateau à Tanger
1 047 600 DH,Appartement en Vente à Salé
550 000 DH,macion de 45 m2 cédé dres
Prix non specifié,Appartement de luxe haut standing
1 700 000 DH,Appartement en Vente à Temara
Prix non specifié,Un Bel Appart Neuf De 158 m² à Vendre
890 000 DH,Appartement de 99 m2 en Vente à Salé
850 000 DH,منزل مستقل بالصومال
1 196 000 DH,Appartement en Vente à Salé
912 000 DH,Appartement en Vente à Salé
6 900 000 DH,Terrain en face Marjane Allal Benabdellah à FES
713 800 DH,Bel appartement 83 m² avec piscine à Guéliz
150 000 DH,Terrain et ferme en Vente à Ait Melloul
Prix non specifié,أرض فلاحية للبيع
150 000 DH,Terrain et ferme en Vente à Ait Melloul
1 900 000 DH,Terrain villa 600m sur golf Prestigia Golf Argan
160 000 DH,Terrain et ferme en Vente à Sidi Bennour
15 000 000 DH,Terrain à Rabat
475 000 DH,Terrain 150 m2 à Temara Mers elkhir
660 000 DH,appartement had soualem
5 500 000 DH,Maison et villa en Vente à Temara
850 000 DH,appart 4pieces en face atacadaou ain sebaa
300 000 DH,Lot de Terrain R3 R4 R5 en Vente à Had Soualem
Prix non specifié,Terrain 1430m Proche Amoud
6 000 000 DH,Hictar titré sur entre de had Sawalm Réf Pwf7b
2 200 000 DH,Appartement en Vente à Rabat
395 000 DH,Appartement 2ch 3 ème près de stade
731 000 DH,Luxueux village à la palmeraie
655 000 DH,bel appart 84m² face makro ain sebaa à Casablanca
Prix non specifié,Magasin en Vente à Maarif Casablanca
1 000 000 DH,lot terrain villa 390m jumeleé 3 facade marrakech
980 000 DH,Bureau et plateau à Tanger
1 047 600 DH,Appartement en Vente à Salé
550 000 DH,macion de 45 m2 cédé dres
Prix non specifié,Appartement de luxe haut standing
1 700 000 DH,Appartement en Vente à Temara
Prix non specifié,Un Bel Appart Neuf De 158 m² à Vendre
890 000 DH,Appartement de 99 m2 en Vente à Salé
850 000 DH,منزل مستقل بالصومال
1 196 000 DH,Appartement en Vente à Salé
912 000 DH,Appartement en Vente à Salé
6 900 000 DH,Terrain en face Marjane Allal Benabdellah à FES
713 800 DH,Bel appartement 83 m² avec piscine à Guéliz
150 000 DH,Terrain et ferme en Vente à Ait Melloul
Prix non specifié,أرض فلاحية للبيع
150 000 DH,Terrain et ferme en Vente à Ait Melloul
1 900 000 DH,Terrain villa 600m sur golf Prestigia Golf Argan
160 000 DH,Terrain et ferme en Vente à Sidi Bennour
15 000 000 DH,Terrain à Rabat
475 000 DH,Terrain 150 m2 à Temara Mers elkhir
660 000 DH,appartement had soualem
